{
	"credit": "Made with Blockbench",
	"parent": "block/cube",
	"textures": {
		"down": "murder_mystery:block/kugelsivis_planks",
		"up": "murder_mystery:block/kugel_crafting_table_top",
		"south": "murder_mystery:block/kugel_crafting_table_side",
		"particle": "murder_mystery:block/kugel_crafting_table_front",
		"west": "murder_mystery:block/kugel_crafting_table_front"
	},
	"elements": [
		{
			"from": [0, 0, 0],
			"to": [16, 16, 16],
			"faces": {
				"north": {"uv": [0, 0, 16, 16], "texture": "#west"},
				"east": {"uv": [0, 0, 16, 16], "texture": "#west"},
				"south": {"uv": [0, 0, 16, 16], "texture": "#south"},
				"west": {"uv": [0, 0, 16, 16], "texture": "#south"},
				"up": {"uv": [0, 0, 16, 16], "texture": "#up"},
				"down": {"uv": [0, 0, 16, 16], "texture": "#down"}
			}
		}
	],
	"display": {
		"thirdperson_righthand": {
			"rotation": [0, -43.25, 0],
			"scale": [0.3, 0.3, 0.3]
		},
		"thirdperson_lefthand": {
			"rotation": [0, -43.25, 0],
			"scale": [0.3, 0.3, 0.3]
		},
		"firstperson_righthand": {
			"rotation": [0, -43.25, 0],
			"scale": [0.4, 0.4, 0.4]
		},
		"firstperson_lefthand": {
			"rotation": [0, -43.25, 0],
			"scale": [0.5, 0.5, 0.5]
		},
		"ground": {
			"scale": [0.3, 0.3, 0.3]
		},
		"gui": {
			"rotation": [20, 45, 0],
			"scale": [0.6, 0.6, 0.6]
		},
		"fixed": {
			"rotation": [-90, 0, 0],
			"translation": [0, 0, -16],
			"scale": [2.01, 2.01, 2.01]
		}
	}
}