{
  "model": {
    "type": "minecraft:condition",
    "on_false": {
      "type": "minecraft:select",
      "property": "minecraft:trim_material",
      "cases": [
        {
          "when": "amethyst",
          "model": {
            "type": "minecraft:model",
            "model": "minecraft:item/elytra_amethyst_trim"
          }
        },
        {
          "when": "copper",
          "model": {
            "type": "minecraft:model",
            "model": "minecraft:item/elytra_copper_trim"
          }
        },
        {
          "when": "diamond",
          "model": {
            "type": "minecraft:model",
            "model": "minecraft:item/elytra_diamond_trim"
          }
        },
        {
          "when": "emerald",
          "model": {
            "type": "minecraft:model",
            "model": "minecraft:item/elytra_emerald_trim"
          }
        },
        {
          "when": "gold",
          "model": {
            "type": "minecraft:model",
            "model": "minecraft:item/elytra_gold_trim"
          }
        },
        {
          "when": "iron",
          "model": {
            "type": "minecraft:model",
            "model": "minecraft:item/elytra_iron_trim"
          }
        },
        {
          "when": "lapis",
          "model": {
            "type": "minecraft:model",
            "model": "minecraft:item/elytra_lapis_trim"
          }
        },
        {
          "when": "netherite",
          "model": {
            "type": "minecraft:model",
            "model": "minecraft:item/elytra_netherite_trim"
          }
        },
        {
          "when": "quartz",
          "model": {
            "type": "minecraft:model",
            "model": "minecraft:item/elytra_quartz_trim"
          }
        },
        {
          "when": "redstone",
          "model": {
            "type": "minecraft:model",
            "model": "minecraft:item/elytra_redstone_trim"
          }
        },
        {
          "when": "resin",
          "model": {
            "type": "minecraft:model",
            "model": "minecraft:item/elytra_resin_trim"
          }
        }
      ],
      "fallback": {
        "type": "minecraft:model",
        "model": "minecraft:item/elytra"
      }
    },
    "on_true": {
    "type": "minecraft:select",
      "property": "minecraft:trim_material",
      "cases": [
        {
          "when": "amethyst",
          "model": {
            "type": "minecraft:model",
            "model": "minecraft:item/elytra_broken_amethyst_trim"
          }
        },
        {
          "when": "copper",
          "model": {
            "type": "minecraft:model",
            "model": "minecraft:item/elytra_broken_copper_trim"
          }
        },
        {
          "when": "diamond",
          "model": {
            "type": "minecraft:model",
            "model": "minecraft:item/elytra_broken_diamond_trim"
          }
        },
        {
          "when": "emerald",
          "model": {
            "type": "minecraft:model",
            "model": "minecraft:item/elytra_broken_emerald_trim"
          }
        },
        {
          "when": "gold",
          "model": {
            "type": "minecraft:model",
            "model": "minecraft:item/elytra_broken_gold_trim"
          }
        },
        {
          "when": "iron",
          "model": {
            "type": "minecraft:model",
            "model": "minecraft:item/elytra_broken_iron_trim"
          }
        },
        {
          "when": "lapis",
          "model": {
            "type": "minecraft:model",
            "model": "minecraft:item/elytra_broken_lapis_trim"
          }
        },
        {
          "when": "netherite",
          "model": {
            "type": "minecraft:model",
            "model": "minecraft:item/elytra_broken_netherite_trim"
          }
        },
        {
          "when": "quartz",
          "model": {
            "type": "minecraft:model",
            "model": "minecraft:item/elytra_broken_quartz_trim"
          }
        },
        {
          "when": "redstone",
          "model": {
            "type": "minecraft:model",
            "model": "minecraft:item/elytra_broken_redstone_trim"
          }
        },
        {
          "when": "resin",
          "model": {
            "type": "minecraft:model",
            "model": "minecraft:item/elytra_broken_resin_trim"
          }
        }
      ],
      "fallback": {
        "type": "minecraft:model",
        "model": "minecraft:item/elytra_broken"
      }
    },
    "property": "minecraft:broken"
  }
}