{
  "model": {
    "type": "minecraft:select",
    "cases": [
      {
        "model": {
          "type": "minecraft:model",
          "model": "murder_mystery:item/erwerwplus_leggings_quartz_trim"
        },
        "when": "minecraft:quartz"
      },
      {
        "model": {
          "type": "minecraft:model",
          "model": "murder_mystery:item/erwerwplus_leggings_iron_trim"
        },
        "when": "minecraft:iron"
      },
      {
        "model": {
          "type": "minecraft:model",
          "model": "murder_mystery:item/erwerwplus_leggings_erwerwplus_trim"
        },
        "when": "minecraft:netherite"
      },
      {
        "model": {
          "type": "minecraft:model",
          "model": "murder_mystery:item/erwerwplus_leggings_redstone_trim"
        },
        "when": "minecraft:redstone"
      },
      {
        "model": {
          "type": "minecraft:model",
          "model": "murder_mystery:item/erwerwplus_leggings_copper_trim"
        },
        "when": "minecraft:copper"
      },
      {
        "model": {
          "type": "minecraft:model",
          "model": "murder_mystery:item/erwerwplus_leggings_gold_trim"
        },
        "when": "minecraft:gold"
      },
      {
        "model": {
          "type": "minecraft:model",
          "model": "murder_mystery:item/erwerwplus_leggings_emerald_trim"
        },
        "when": "minecraft:emerald"
      },
      {
        "model": {
          "type": "minecraft:model",
          "model": "murder_mystery:item/erwerwplus_leggings_diamond_trim"
        },
        "when": "minecraft:diamond"
      },
      {
        "model": {
          "type": "minecraft:model",
          "model": "murder_mystery:item/erwerwplus_leggings_lapis_trim"
        },
        "when": "minecraft:lapis"
      },
      {
        "model": {
          "type": "minecraft:model",
          "model": "murder_mystery:item/erwerwplus_leggings_amethyst_trim"
        },
        "when": "minecraft:amethyst"
      },
      {
        "model": {
          "type": "minecraft:model",
          "model": "murder_mystery:item/erwerwplus_leggings_resin_trim"
        },
        "when": "minecraft:resin"
      }
    ],
    "fallback": {
      "type": "minecraft:model",
      "model": "murder_mystery:item/erwerwplus_leggings"
    },
    "property": "minecraft:trim_material"
  }
}