{
	"credit": "Made with Blockbench",
	"textures": {
		"1": "stschnabel:item/stick2",
		"particle": "stschnabel:item/stick2",
		"layer0": "stschnabel:item/stick"
	},
	"elements": [
		{
			"from": [14, 13, 6.5],
			"to": [15, 14, 9.5],
			"faces": {
				"north": {"uv": [1, 2, 2, 3], "texture": "#layer0"},
				"east": {"uv": [2, 1, 3, 2], "texture": "#1"},
				"south": {"uv": [2, 2, 3, 3], "texture": "#1"},
				"west": {"uv": [0, 3, 1, 4], "texture": "#1"},
				"up": {"uv": [4, 1, 3, 0], "texture": "#1"},
				"down": {"uv": [2, 3, 1, 4], "texture": "#1"}
			}
		},
		{
			"from": [14, 12, 6.5],
			"to": [15, 13, 9.5],
			"faces": {
				"north": {"uv": [3, 1, 4, 2], "texture": "#layer0"},
				"east": {"uv": [2, 3, 3, 4], "texture": "#1"},
				"south": {"uv": [3, 2, 4, 3], "texture": "#layer0"},
				"west": {"uv": [3, 3, 4, 4], "texture": "#1"},
				"up": {"uv": [1, 5, 0, 4], "texture": "#1"},
				"down": {"uv": [5, 0, 4, 1], "texture": "#1"}
			}
		},
		{
			"from": [13, 12, 6.5],
			"to": [14, 13, 9.5],
			"faces": {
				"north": {"uv": [1, 4, 2, 5], "texture": "#layer0"},
				"east": {"uv": [4, 1, 5, 2], "texture": "#1"},
				"south": {"uv": [2, 4, 3, 5], "texture": "#1"},
				"west": {"uv": [4, 2, 5, 3], "texture": "#1"},
				"up": {"uv": [4, 5, 3, 4], "texture": "#1"},
				"down": {"uv": [5, 3, 4, 4], "texture": "#1"}
			}
		},
		{
			"from": [13, 13, 6.5],
			"to": [14, 14, 9.5],
			"faces": {
				"north": {"uv": [4, 4, 5, 5], "texture": "#layer0"},
				"east": {"uv": [0, 5, 1, 6], "texture": "#1"},
				"south": {"uv": [5, 0, 6, 1], "texture": "#1"},
				"west": {"uv": [1, 5, 2, 6], "texture": "#1"},
				"up": {"uv": [6, 2, 5, 1], "texture": "#1"},
				"down": {"uv": [3, 5, 2, 6], "texture": "#1"}
			}
		},
		{
			"from": [13, 11, 6.5],
			"to": [14, 12, 9.5],
			"faces": {
				"north": {"uv": [5, 2, 6, 3], "texture": "#layer0"},
				"east": {"uv": [3, 5, 4, 6], "texture": "#1"},
				"south": {"uv": [5, 3, 6, 4], "texture": "#1"},
				"west": {"uv": [4, 5, 5, 6], "texture": "#1"},
				"up": {"uv": [6, 5, 5, 4], "texture": "#1"},
				"down": {"uv": [6, 5, 5, 6], "texture": "#1"}
			}
		},
		{
			"from": [12, 11, 6.5],
			"to": [13, 12, 9.5],
			"faces": {
				"north": {"uv": [0, 6, 1, 7], "texture": "#layer0"},
				"east": {"uv": [6, 0, 7, 1], "texture": "#1"},
				"south": {"uv": [1, 6, 2, 7], "texture": "#1"},
				"west": {"uv": [6, 1, 7, 2], "texture": "#1"},
				"up": {"uv": [3, 7, 2, 6], "texture": "#1"},
				"down": {"uv": [7, 2, 6, 3], "texture": "#1"}
			}
		},
		{
			"from": [12, 12, 6.5],
			"to": [13, 13, 9.5],
			"faces": {
				"north": {"uv": [3, 6, 4, 7], "texture": "#layer0"},
				"east": {"uv": [6, 3, 7, 4], "texture": "#1"},
				"south": {"uv": [4, 6, 5, 7], "texture": "#1"},
				"west": {"uv": [6, 4, 7, 5], "texture": "#1"},
				"up": {"uv": [6, 7, 5, 6], "texture": "#1"},
				"down": {"uv": [7, 5, 6, 6], "texture": "#1"}
			}
		},
		{
			"from": [12, 10, 6.5],
			"to": [13, 11, 9.5],
			"faces": {
				"north": {"uv": [6, 6, 7, 7], "texture": "#layer0"},
				"east": {"uv": [0, 7, 1, 8], "texture": "#1"},
				"south": {"uv": [7, 0, 8, 1], "texture": "#1"},
				"west": {"uv": [1, 7, 2, 8], "texture": "#1"},
				"up": {"uv": [8, 2, 7, 1], "texture": "#1"},
				"down": {"uv": [3, 7, 2, 8], "texture": "#1"}
			}
		},
		{
			"from": [11, 10, 6.5],
			"to": [12, 11, 9.5],
			"faces": {
				"north": {"uv": [7, 2, 8, 3], "texture": "#layer0"},
				"east": {"uv": [3, 7, 4, 8], "texture": "#1"},
				"south": {"uv": [7, 3, 8, 4], "texture": "#1"},
				"west": {"uv": [4, 7, 5, 8], "texture": "#1"},
				"up": {"uv": [8, 5, 7, 4], "texture": "#1"},
				"down": {"uv": [6, 7, 5, 8], "texture": "#1"}
			}
		},
		{
			"from": [11, 11, 6.5],
			"to": [12, 12, 9.5],
			"faces": {
				"north": {"uv": [7, 5, 8, 6], "texture": "#layer0"},
				"east": {"uv": [6, 7, 7, 8], "texture": "#1"},
				"south": {"uv": [7, 6, 8, 7], "texture": "#1"},
				"west": {"uv": [7, 7, 8, 8], "texture": "#1"},
				"up": {"uv": [1, 9, 0, 8], "texture": "#1"},
				"down": {"uv": [9, 0, 8, 1], "texture": "#1"}
			}
		},
		{
			"from": [11, 9, 6.5],
			"to": [12, 10, 9.5],
			"faces": {
				"north": {"uv": [1, 8, 2, 9], "texture": "#layer0"},
				"east": {"uv": [8, 1, 9, 2], "texture": "#1"},
				"south": {"uv": [2, 8, 3, 9], "texture": "#1"},
				"west": {"uv": [8, 2, 9, 3], "texture": "#1"},
				"up": {"uv": [4, 9, 3, 8], "texture": "#1"},
				"down": {"uv": [9, 3, 8, 4], "texture": "#1"}
			}
		},
		{
			"from": [10, 9, 6.5],
			"to": [11, 10, 9.5],
			"faces": {
				"north": {"uv": [4, 8, 5, 9], "texture": "#layer0"},
				"east": {"uv": [8, 4, 9, 5], "texture": "#1"},
				"south": {"uv": [5, 8, 6, 9], "texture": "#1"},
				"west": {"uv": [8, 5, 9, 6], "texture": "#1"},
				"up": {"uv": [7, 9, 6, 8], "texture": "#1"},
				"down": {"uv": [9, 6, 8, 7], "texture": "#1"}
			}
		},
		{
			"from": [10, 10, 6.5],
			"to": [11, 11, 9.5],
			"faces": {
				"north": {"uv": [7, 8, 8, 9], "texture": "#layer0"},
				"east": {"uv": [8, 7, 9, 8], "texture": "#1"},
				"south": {"uv": [8, 8, 9, 9], "texture": "#1"},
				"west": {"uv": [0, 9, 1, 10], "texture": "#1"},
				"up": {"uv": [10, 1, 9, 0], "texture": "#1"},
				"down": {"uv": [2, 9, 1, 10], "texture": "#1"}
			}
		},
		{
			"from": [10, 8, 6.5],
			"to": [11, 9, 9.5],
			"faces": {
				"north": {"uv": [9, 1, 10, 2], "texture": "#layer0"},
				"east": {"uv": [2, 9, 3, 10], "texture": "#1"},
				"south": {"uv": [9, 2, 10, 3], "texture": "#1"},
				"west": {"uv": [3, 9, 4, 10], "texture": "#1"},
				"up": {"uv": [10, 4, 9, 3], "texture": "#1"},
				"down": {"uv": [5, 9, 4, 10], "texture": "#1"}
			}
		},
		{
			"from": [9, 8, 6.5],
			"to": [10, 9, 9.5],
			"faces": {
				"north": {"uv": [9, 4, 10, 5], "texture": "#layer0"},
				"east": {"uv": [5, 9, 6, 10], "texture": "#1"},
				"south": {"uv": [9, 5, 10, 6], "texture": "#1"},
				"west": {"uv": [6, 9, 7, 10], "texture": "#1"},
				"up": {"uv": [10, 7, 9, 6], "texture": "#1"},
				"down": {"uv": [8, 9, 7, 10], "texture": "#1"}
			}
		},
		{
			"from": [9, 9, 6.5],
			"to": [10, 10, 9.5],
			"faces": {
				"north": {"uv": [9, 7, 10, 8], "texture": "#layer0"},
				"east": {"uv": [8, 9, 9, 10], "texture": "#1"},
				"south": {"uv": [9, 8, 10, 9], "texture": "#1"},
				"west": {"uv": [9, 9, 10, 10], "texture": "#1"},
				"up": {"uv": [1, 11, 0, 10], "texture": "#1"},
				"down": {"uv": [11, 0, 10, 1], "texture": "#1"}
			}
		},
		{
			"from": [8, 8, 6.5],
			"to": [9, 9, 9.5],
			"faces": {
				"north": {"uv": [1, 10, 2, 11], "texture": "#layer0"},
				"east": {"uv": [10, 1, 11, 2], "texture": "#1"},
				"south": {"uv": [2, 10, 3, 11], "texture": "#1"},
				"west": {"uv": [10, 2, 11, 3], "texture": "#1"},
				"up": {"uv": [4, 11, 3, 10], "texture": "#1"},
				"down": {"uv": [11, 3, 10, 4], "texture": "#1"}
			}
		},
		{
			"from": [8, 7, 6.5],
			"to": [9, 8, 9.5],
			"faces": {
				"north": {"uv": [4, 10, 5, 11], "texture": "#layer0"},
				"east": {"uv": [10, 4, 11, 5], "texture": "#1"},
				"south": {"uv": [5, 10, 6, 11], "texture": "#1"},
				"west": {"uv": [10, 5, 11, 6], "texture": "#1"},
				"up": {"uv": [7, 11, 6, 10], "texture": "#1"},
				"down": {"uv": [11, 6, 10, 7], "texture": "#1"}
			}
		},
		{
			"from": [9, 7, 6.5],
			"to": [10, 8, 9.5],
			"faces": {
				"north": {"uv": [7, 10, 8, 11], "texture": "#layer0"},
				"east": {"uv": [10, 7, 11, 8], "texture": "#1"},
				"south": {"uv": [8, 10, 9, 11], "texture": "#1"},
				"west": {"uv": [10, 8, 11, 9], "texture": "#1"},
				"up": {"uv": [10, 11, 9, 10], "texture": "#1"},
				"down": {"uv": [11, 9, 10, 10], "texture": "#1"}
			}
		},
		{
			"from": [8, 6, 6.5],
			"to": [9, 7, 9.5],
			"faces": {
				"north": {"uv": [10, 10, 11, 11], "texture": "#layer0"},
				"east": {"uv": [0, 11, 1, 12], "texture": "#1"},
				"south": {"uv": [11, 0, 12, 1], "texture": "#1"},
				"west": {"uv": [1, 11, 2, 12], "texture": "#1"},
				"up": {"uv": [12, 2, 11, 1], "texture": "#1"},
				"down": {"uv": [3, 11, 2, 12], "texture": "#1"}
			}
		},
		{
			"from": [7, 6, 6.5],
			"to": [8, 7, 9.5],
			"faces": {
				"north": {"uv": [11, 2, 12, 3], "texture": "#layer0"},
				"east": {"uv": [3, 11, 4, 12], "texture": "#1"},
				"south": {"uv": [11, 3, 12, 4], "texture": "#1"},
				"west": {"uv": [4, 11, 5, 12], "texture": "#1"},
				"up": {"uv": [12, 5, 11, 4], "texture": "#1"},
				"down": {"uv": [6, 11, 5, 12], "texture": "#1"}
			}
		},
		{
			"from": [7, 7, 6.5],
			"to": [8, 8, 9.5],
			"faces": {
				"north": {"uv": [11, 5, 12, 6], "texture": "#layer0"},
				"east": {"uv": [6, 11, 7, 12], "texture": "#1"},
				"south": {"uv": [11, 6, 12, 7], "texture": "#1"},
				"west": {"uv": [7, 11, 8, 12], "texture": "#1"},
				"up": {"uv": [12, 8, 11, 7], "texture": "#1"},
				"down": {"uv": [9, 11, 8, 12], "texture": "#1"}
			}
		},
		{
			"from": [6, 6, 6.5],
			"to": [7, 7, 9.5],
			"faces": {
				"north": {"uv": [11, 8, 12, 9], "texture": "#layer0"},
				"east": {"uv": [9, 11, 10, 12], "texture": "#1"},
				"south": {"uv": [11, 9, 12, 10], "texture": "#1"},
				"west": {"uv": [10, 11, 11, 12], "texture": "#1"},
				"up": {"uv": [12, 11, 11, 10], "texture": "#1"},
				"down": {"uv": [12, 11, 11, 12], "texture": "#1"}
			}
		},
		{
			"from": [6, 5, 6.5],
			"to": [7, 6, 9.5],
			"faces": {
				"north": {"uv": [0, 12, 1, 13], "texture": "#layer0"},
				"east": {"uv": [12, 0, 13, 1], "texture": "#1"},
				"south": {"uv": [1, 12, 2, 13], "texture": "#1"},
				"west": {"uv": [12, 1, 13, 2], "texture": "#1"},
				"up": {"uv": [3, 13, 2, 12], "texture": "#1"},
				"down": {"uv": [13, 2, 12, 3], "texture": "#1"}
			}
		},
		{
			"from": [7, 5, 6.5],
			"to": [8, 6, 9.5],
			"faces": {
				"north": {"uv": [3, 12, 4, 13], "texture": "#1"},
				"east": {"uv": [12, 3, 13, 4], "texture": "#1"},
				"south": {"uv": [4, 12, 5, 13], "texture": "#1"},
				"west": {"uv": [12, 4, 13, 5], "texture": "#1"},
				"up": {"uv": [6, 13, 5, 12], "texture": "#1"},
				"down": {"uv": [13, 5, 12, 6], "texture": "#1"}
			}
		},
		{
			"from": [6, 4, 6.5],
			"to": [7, 5, 9.5],
			"faces": {
				"north": {"uv": [6, 12, 7, 13], "texture": "#layer0"},
				"east": {"uv": [12, 6, 13, 7], "texture": "#1"},
				"south": {"uv": [7, 12, 8, 13], "texture": "#1"},
				"west": {"uv": [12, 7, 13, 8], "texture": "#1"},
				"up": {"uv": [9, 13, 8, 12], "texture": "#1"},
				"down": {"uv": [13, 8, 12, 9], "texture": "#1"}
			}
		},
		{
			"from": [5, 4, 6.5],
			"to": [6, 5, 9.5],
			"faces": {
				"north": {"uv": [9, 12, 10, 13], "texture": "#layer0"},
				"east": {"uv": [12, 9, 13, 10], "texture": "#1"},
				"south": {"uv": [10, 12, 11, 13], "texture": "#1"},
				"west": {"uv": [12, 10, 13, 11], "texture": "#1"},
				"up": {"uv": [12, 13, 11, 12], "texture": "#1"},
				"down": {"uv": [13, 11, 12, 12], "texture": "#1"}
			}
		},
		{
			"from": [5, 5, 6.5],
			"to": [6, 6, 9.5],
			"faces": {
				"north": {"uv": [12, 12, 13, 13], "texture": "#layer0"},
				"east": {"uv": [0, 13, 1, 14], "texture": "#1"},
				"south": {"uv": [13, 0, 14, 1], "texture": "#1"},
				"west": {"uv": [1, 13, 2, 14], "texture": "#1"},
				"up": {"uv": [14, 2, 13, 1], "texture": "#1"},
				"down": {"uv": [3, 13, 2, 14], "texture": "#1"}
			}
		},
		{
			"from": [5, 3, 6.5],
			"to": [6, 4, 9.5],
			"faces": {
				"north": {"uv": [13, 2, 14, 3], "texture": "#layer0"},
				"east": {"uv": [3, 13, 4, 14], "texture": "#1"},
				"south": {"uv": [13, 3, 14, 4], "texture": "#1"},
				"west": {"uv": [4, 13, 5, 14], "texture": "#1"},
				"up": {"uv": [14, 5, 13, 4], "texture": "#1"},
				"down": {"uv": [6, 13, 5, 14], "texture": "#1"}
			}
		},
		{
			"from": [4, 3, 6.5],
			"to": [5, 4, 9.5],
			"faces": {
				"north": {"uv": [13, 5, 14, 6], "texture": "#layer0"},
				"east": {"uv": [6, 13, 7, 14], "texture": "#1"},
				"south": {"uv": [13, 6, 14, 7], "texture": "#1"},
				"west": {"uv": [7, 13, 8, 14], "texture": "#1"},
				"up": {"uv": [14, 8, 13, 7], "texture": "#1"},
				"down": {"uv": [9, 13, 8, 14], "texture": "#1"}
			}
		},
		{
			"from": [4, 4, 6.5],
			"to": [5, 5, 9.5],
			"faces": {
				"north": {"uv": [13, 8, 14, 9], "texture": "#layer0"},
				"east": {"uv": [9, 13, 10, 14], "texture": "#1"},
				"south": {"uv": [13, 9, 14, 10], "texture": "#1"},
				"west": {"uv": [10, 13, 11, 14], "texture": "#1"},
				"up": {"uv": [14, 11, 13, 10], "texture": "#1"},
				"down": {"uv": [12, 13, 11, 14], "texture": "#1"}
			}
		},
		{
			"from": [4, 2, 6.5],
			"to": [5, 3, 9.5],
			"faces": {
				"north": {"uv": [13, 11, 14, 12], "texture": "#layer0"},
				"east": {"uv": [12, 13, 13, 14], "texture": "#1"},
				"south": {"uv": [13, 12, 14, 13], "texture": "#1"},
				"west": {"uv": [13, 13, 14, 14], "texture": "#1"},
				"up": {"uv": [1, 15, 0, 14], "texture": "#1"},
				"down": {"uv": [15, 0, 14, 1], "texture": "#1"}
			}
		},
		{
			"from": [3, 2, 6.5],
			"to": [4, 3, 9.5],
			"faces": {
				"north": {"uv": [0, 0, 1, 1], "texture": "#layer0"},
				"east": {"uv": [0, 1, 1, 2], "texture": "#1"},
				"south": {"uv": [1, 0, 2, 1], "texture": "#1"},
				"west": {"uv": [1, 1, 2, 2], "texture": "#1"},
				"up": {"uv": [1, 3, 0, 2], "texture": "#1"},
				"down": {"uv": [3, 0, 2, 1], "texture": "#1"}
			}
		},
		{
			"from": [2, 2, 6.5],
			"to": [3, 3, 9.5],
			"faces": {
				"north": {"uv": [1, 14, 2, 15], "texture": "#layer0"},
				"east": {"uv": [14, 1, 15, 2], "texture": "#1"},
				"south": {"uv": [2, 14, 3, 15], "texture": "#1"},
				"west": {"uv": [14, 2, 15, 3], "texture": "#1"},
				"up": {"uv": [4, 15, 3, 14], "texture": "#1"},
				"down": {"uv": [15, 3, 14, 4], "texture": "#1"}
			}
		},
		{
			"from": [2, 1, 6.5],
			"to": [3, 2, 9.5],
			"faces": {
				"north": {"uv": [10, 14, 11, 15], "texture": "#layer0"},
				"east": {"uv": [14, 10, 15, 11], "texture": "#1"},
				"south": {"uv": [11, 14, 12, 15], "texture": "#1"},
				"west": {"uv": [14, 11, 15, 12], "texture": "#1"},
				"up": {"uv": [13, 15, 12, 14], "texture": "#1"},
				"down": {"uv": [15, 12, 14, 13], "texture": "#1"}
			}
		},
		{
			"from": [3, 1, 6.5],
			"to": [4, 2, 9.5],
			"faces": {
				"north": {"uv": [4, 14, 5, 15], "texture": "#layer0"},
				"east": {"uv": [14, 4, 15, 5], "texture": "#1"},
				"south": {"uv": [5, 14, 6, 15], "texture": "#1"},
				"west": {"uv": [14, 5, 15, 6], "texture": "#1"},
				"up": {"uv": [7, 15, 6, 14], "texture": "#1"},
				"down": {"uv": [15, 6, 14, 7], "texture": "#1"}
			}
		},
		{
			"from": [3, 3, 6.5],
			"to": [4, 4, 9.5],
			"faces": {
				"north": {"uv": [7, 14, 8, 15], "texture": "#layer0"},
				"east": {"uv": [14, 7, 15, 8], "texture": "#1"},
				"south": {"uv": [8, 14, 9, 15], "texture": "#1"},
				"west": {"uv": [14, 8, 15, 9], "texture": "#1"},
				"up": {"uv": [10, 15, 9, 14], "texture": "#1"},
				"down": {"uv": [15, 9, 14, 10], "texture": "#1"}
			}
		}
	],
	"display": {
		"thirdperson_righthand": {
			"rotation": [1.41, 2.46, 48.4],
			"translation": [-1, 8, 3]
		},
		"thirdperson_lefthand": {
			"rotation": [-4.5, 0.24, -43.38],
			"translation": [0.75, 8.75, 1.5]
		},
		"firstperson_righthand": {
			"rotation": [20.96, -60.95, 42.67],
			"translation": [-1, 1.25, 0]
		},
		"firstperson_lefthand": {
			"rotation": [20.96, -75, -42.67],
			"translation": [2.25, 1.25, 0]
		},
		"head": {
			"rotation": [0, 0, 46.5],
			"translation": [-1, 12.5, 0]
		}
	}
}