{
	"credit": "Made with Blockbench",
	"parent": "minecraft:item/generated",
	"textures": {
		"layer0": "stschnabel:item/schnabel"
	},
	"display": {
		"thirdperson_righthand": {
			"rotation": [41.54, 78.15, -0.82],
			"translation": [5.25, 30.25, 0.5],
			"scale": [3, 3, 3]
		},
		"thirdperson_lefthand": {
			"rotation": [-144.89, -86.53, 174.19],
			"translation": [0, 18.75, 0],
			"scale": [2, 2, 2]
		},
		"firstperson_righthand": {
			"rotation": [-145.37, 78.13, 163.23],
			"translation": [5.25, 2, -9],
			"scale": [3, 3, 3]
		},
		"firstperson_lefthand": {
			"rotation": [0, -91, 0],
			"translation": [0, 2.75, -2.75],
			"scale": [2, 2, 2]
		},
		"ground": {
			"scale": [3, 3, 3]
		},
		"head": {
			"rotation": [0, 0, 39],
			"translation": [0, 16.5, 0]
		}
	}
}