{
	"credit": "Made with Blockbench",
	"texture_size": [32, 32],
	"textures": {
		"0": "murder_mystery:item/random_death",
		"particle": "murder_mystery:item/random_death"
	},
	"elements": [
		{
			"from": [0, 0, 0],
			"to": [1, 1, 1],
			"rotation": {"angle": -22.5, "axis": "y", "origin": [0, 1, 0]},
			"faces": {
				"north": {"uv": [0.5, 1, 1, 1.5], "texture": "#0"},
				"east": {"uv": [1, 0.5, 1.5, 1], "texture": "#0"},
				"south": {"uv": [1, 1, 1.5, 1.5], "texture": "#0"},
				"west": {"uv": [0, 1.5, 0.5, 2], "texture": "#0"},
				"up": {"uv": [2, 0.5, 1.5, 0], "texture": "#0"},
				"down": {"uv": [1, 1.5, 0.5, 2], "texture": "#0"}
			}
		},
		{
			"from": [0, 1, 0],
			"to": [1, 2, 1],
			"rotation": {"angle": -22.5, "axis": "y", "origin": [0, 1, 0]},
			"faces": {
				"north": {"uv": [1.5, 0.5, 2, 1], "texture": "#0"},
				"east": {"uv": [1, 1.5, 1.5, 2], "texture": "#0"},
				"south": {"uv": [1.5, 1, 2, 1.5], "texture": "#0"},
				"west": {"uv": [1.5, 1.5, 2, 2], "texture": "#0"},
				"up": {"uv": [0.5, 2.5, 0, 2], "texture": "#0"},
				"down": {"uv": [2.5, 0, 2, 0.5], "texture": "#0"}
			}
		},
		{
			"from": [0, 2, 0],
			"to": [1, 3, 1],
			"rotation": {"angle": -22.5, "axis": "y", "origin": [0, 2, 0]},
			"faces": {
				"north": {"uv": [0.5, 2, 1, 2.5], "texture": "#0"},
				"east": {"uv": [2, 0.5, 2.5, 1], "texture": "#0"},
				"south": {"uv": [1, 2, 1.5, 2.5], "texture": "#0"},
				"west": {"uv": [2, 1, 2.5, 1.5], "texture": "#0"},
				"up": {"uv": [2, 2.5, 1.5, 2], "texture": "#0"},
				"down": {"uv": [2.5, 1.5, 2, 2], "texture": "#0"}
			}
		},
		{
			"from": [0, 3, 0],
			"to": [1, 4, 1],
			"rotation": {"angle": -22.5, "axis": "y", "origin": [0, 3, 0]},
			"faces": {
				"north": {"uv": [2, 2, 2.5, 2.5], "texture": "#0"},
				"east": {"uv": [0, 2.5, 0.5, 3], "texture": "#0"},
				"south": {"uv": [2.5, 0, 3, 0.5], "texture": "#0"},
				"west": {"uv": [0.5, 2.5, 1, 3], "texture": "#0"},
				"up": {"uv": [3, 1, 2.5, 0.5], "texture": "#0"},
				"down": {"uv": [1.5, 2.5, 1, 3], "texture": "#0"}
			}
		},
		{
			"from": [0, 4, 0],
			"to": [1, 5, 1],
			"rotation": {"angle": -22.5, "axis": "y", "origin": [0, 4, 0]},
			"faces": {
				"north": {"uv": [2.5, 1, 3, 1.5], "texture": "#0"},
				"east": {"uv": [1.5, 2.5, 2, 3], "texture": "#0"},
				"south": {"uv": [2.5, 1.5, 3, 2], "texture": "#0"},
				"west": {"uv": [2, 2.5, 2.5, 3], "texture": "#0"},
				"up": {"uv": [3, 2.5, 2.5, 2], "texture": "#0"},
				"down": {"uv": [3, 2.5, 2.5, 3], "texture": "#0"}
			}
		},
		{
			"from": [0, 5, 0],
			"to": [1, 6, 1],
			"rotation": {"angle": -22.5, "axis": "y", "origin": [0, 5, 0]},
			"faces": {
				"north": {"uv": [0, 3, 0.5, 3.5], "texture": "#0"},
				"east": {"uv": [3, 0, 3.5, 0.5], "texture": "#0"},
				"south": {"uv": [0.5, 3, 1, 3.5], "texture": "#0"},
				"west": {"uv": [3, 0.5, 3.5, 1], "texture": "#0"},
				"up": {"uv": [1.5, 3.5, 1, 3], "texture": "#0"},
				"down": {"uv": [3.5, 1, 3, 1.5], "texture": "#0"}
			}
		},
		{
			"from": [0, 6, 0],
			"to": [1, 7, 1],
			"rotation": {"angle": -22.5, "axis": "y", "origin": [0, 6, 0]},
			"faces": {
				"north": {"uv": [1.5, 3, 2, 3.5], "texture": "#0"},
				"east": {"uv": [3, 1.5, 3.5, 2], "texture": "#0"},
				"south": {"uv": [2, 3, 2.5, 3.5], "texture": "#0"},
				"west": {"uv": [3, 2, 3.5, 2.5], "texture": "#0"},
				"up": {"uv": [3, 3.5, 2.5, 3], "texture": "#0"},
				"down": {"uv": [3.5, 2.5, 3, 3], "texture": "#0"}
			}
		},
		{
			"from": [0, 7, 0],
			"to": [1, 8, 1],
			"rotation": {"angle": -22.5, "axis": "y", "origin": [0, 7, 0]},
			"faces": {
				"north": {"uv": [3, 3, 3.5, 3.5], "texture": "#0"},
				"east": {"uv": [0, 3.5, 0.5, 4], "texture": "#0"},
				"south": {"uv": [3.5, 0, 4, 0.5], "texture": "#0"},
				"west": {"uv": [0.5, 3.5, 1, 4], "texture": "#0"},
				"up": {"uv": [4, 1, 3.5, 0.5], "texture": "#0"},
				"down": {"uv": [1.5, 3.5, 1, 4], "texture": "#0"}
			}
		},
		{
			"from": [0, 8, 0],
			"to": [1, 9, 1],
			"rotation": {"angle": -22.5, "axis": "y", "origin": [0, 8, 0]},
			"faces": {
				"north": {"uv": [3.5, 1, 4, 1.5], "texture": "#0"},
				"east": {"uv": [1.5, 3.5, 2, 4], "texture": "#0"},
				"south": {"uv": [3.5, 1.5, 4, 2], "texture": "#0"},
				"west": {"uv": [2, 3.5, 2.5, 4], "texture": "#0"},
				"up": {"uv": [4, 2.5, 3.5, 2], "texture": "#0"},
				"down": {"uv": [3, 3.5, 2.5, 4], "texture": "#0"}
			}
		},
		{
			"from": [1, 8, 0],
			"to": [2, 9, 1],
			"rotation": {"angle": -22.5, "axis": "y", "origin": [1, 8, 0]},
			"faces": {
				"north": {"uv": [3.5, 2.5, 4, 3], "texture": "#0"},
				"east": {"uv": [3, 3.5, 3.5, 4], "texture": "#0"},
				"south": {"uv": [3.5, 3, 4, 3.5], "texture": "#0"},
				"west": {"uv": [3.5, 3.5, 4, 4], "texture": "#0"},
				"up": {"uv": [0.5, 4.5, 0, 4], "texture": "#0"},
				"down": {"uv": [4.5, 0, 4, 0.5], "texture": "#0"}
			}
		},
		{
			"from": [2, 8, 0],
			"to": [3, 9, 1],
			"rotation": {"angle": -22.5, "axis": "y", "origin": [2, 8, 0]},
			"faces": {
				"north": {"uv": [0.5, 4, 1, 4.5], "texture": "#0"},
				"east": {"uv": [4, 0.5, 4.5, 1], "texture": "#0"},
				"south": {"uv": [1, 4, 1.5, 4.5], "texture": "#0"},
				"west": {"uv": [4, 1, 4.5, 1.5], "texture": "#0"},
				"up": {"uv": [2, 4.5, 1.5, 4], "texture": "#0"},
				"down": {"uv": [4.5, 1.5, 4, 2], "texture": "#0"}
			}
		},
		{
			"from": [3, 8, 0],
			"to": [4, 9, 1],
			"rotation": {"angle": -22.5, "axis": "y", "origin": [3, 8, 0]},
			"faces": {
				"north": {"uv": [2, 4, 2.5, 4.5], "texture": "#0"},
				"east": {"uv": [4, 2, 4.5, 2.5], "texture": "#0"},
				"south": {"uv": [2.5, 4, 3, 4.5], "texture": "#0"},
				"west": {"uv": [4, 2.5, 4.5, 3], "texture": "#0"},
				"up": {"uv": [3.5, 4.5, 3, 4], "texture": "#0"},
				"down": {"uv": [4.5, 3, 4, 3.5], "texture": "#0"}
			}
		},
		{
			"from": [3, 7, 0],
			"to": [4, 8, 1],
			"rotation": {"angle": -22.5, "axis": "y", "origin": [3, 7, 0]},
			"faces": {
				"north": {"uv": [3.5, 4, 4, 4.5], "texture": "#0"},
				"east": {"uv": [4, 3.5, 4.5, 4], "texture": "#0"},
				"south": {"uv": [4, 4, 4.5, 4.5], "texture": "#0"},
				"west": {"uv": [0, 4.5, 0.5, 5], "texture": "#0"},
				"up": {"uv": [5, 0.5, 4.5, 0], "texture": "#0"},
				"down": {"uv": [1, 4.5, 0.5, 5], "texture": "#0"}
			}
		},
		{
			"from": [3, 6, 0],
			"to": [4, 7, 1],
			"rotation": {"angle": -22.5, "axis": "y", "origin": [3, 6, 0]},
			"faces": {
				"north": {"uv": [4.5, 0.5, 5, 1], "texture": "#0"},
				"east": {"uv": [1, 4.5, 1.5, 5], "texture": "#0"},
				"south": {"uv": [4.5, 1, 5, 1.5], "texture": "#0"},
				"west": {"uv": [1.5, 4.5, 2, 5], "texture": "#0"},
				"up": {"uv": [5, 2, 4.5, 1.5], "texture": "#0"},
				"down": {"uv": [2.5, 4.5, 2, 5], "texture": "#0"}
			}
		},
		{
			"from": [3, 5, 0],
			"to": [4, 6, 1],
			"rotation": {"angle": -22.5, "axis": "y", "origin": [3, 5, 0]},
			"faces": {
				"north": {"uv": [4.5, 2, 5, 2.5], "texture": "#0"},
				"east": {"uv": [2.5, 4.5, 3, 5], "texture": "#0"},
				"south": {"uv": [4.5, 2.5, 5, 3], "texture": "#0"},
				"west": {"uv": [3, 4.5, 3.5, 5], "texture": "#0"},
				"up": {"uv": [5, 3.5, 4.5, 3], "texture": "#0"},
				"down": {"uv": [4, 4.5, 3.5, 5], "texture": "#0"}
			}
		},
		{
			"from": [2, 5, 0],
			"to": [3, 6, 1],
			"rotation": {"angle": -22.5, "axis": "y", "origin": [2, 5, 0]},
			"faces": {
				"north": {"uv": [4.5, 3.5, 5, 4], "texture": "#0"},
				"east": {"uv": [4, 4.5, 4.5, 5], "texture": "#0"},
				"south": {"uv": [4.5, 4, 5, 4.5], "texture": "#0"},
				"west": {"uv": [4.5, 4.5, 5, 5], "texture": "#0"},
				"up": {"uv": [0.5, 5.5, 0, 5], "texture": "#0"},
				"down": {"uv": [5.5, 0, 5, 0.5], "texture": "#0"}
			}
		},
		{
			"from": [1, 5, 0],
			"to": [2, 6, 1],
			"rotation": {"angle": -22.5, "axis": "y", "origin": [1, 5, 0]},
			"faces": {
				"north": {"uv": [0.5, 5, 1, 5.5], "texture": "#0"},
				"east": {"uv": [5, 0.5, 5.5, 1], "texture": "#0"},
				"south": {"uv": [1, 5, 1.5, 5.5], "texture": "#0"},
				"west": {"uv": [5, 1, 5.5, 1.5], "texture": "#0"},
				"up": {"uv": [2, 5.5, 1.5, 5], "texture": "#0"},
				"down": {"uv": [5.5, 1.5, 5, 2], "texture": "#0"}
			}
		},
		{
			"from": [1, 4, 0],
			"to": [2, 5, 1],
			"rotation": {"angle": -22.5, "axis": "y", "origin": [1, 4, 0]},
			"faces": {
				"north": {"uv": [2, 5, 2.5, 5.5], "texture": "#0"},
				"east": {"uv": [5, 2, 5.5, 2.5], "texture": "#0"},
				"south": {"uv": [2.5, 5, 3, 5.5], "texture": "#0"},
				"west": {"uv": [5, 2.5, 5.5, 3], "texture": "#0"},
				"up": {"uv": [3.5, 5.5, 3, 5], "texture": "#0"},
				"down": {"uv": [5.5, 3, 5, 3.5], "texture": "#0"}
			}
		},
		{
			"from": [1.5, 3, 0],
			"to": [2.5, 4, 1],
			"rotation": {"angle": -22.5, "axis": "y", "origin": [1.5, 3, 0]},
			"faces": {
				"north": {"uv": [3.5, 5, 4, 5.5], "texture": "#0"},
				"east": {"uv": [5, 3.5, 5.5, 4], "texture": "#0"},
				"south": {"uv": [4, 5, 4.5, 5.5], "texture": "#0"},
				"west": {"uv": [5, 4, 5.5, 4.5], "texture": "#0"},
				"up": {"uv": [5, 5.5, 4.5, 5], "texture": "#0"},
				"down": {"uv": [5.5, 4.5, 5, 5], "texture": "#0"}
			}
		},
		{
			"from": [2, 2, 0],
			"to": [3, 3, 1],
			"rotation": {"angle": -22.5, "axis": "y", "origin": [2, 2, 0]},
			"faces": {
				"north": {"uv": [5, 5, 5.5, 5.5], "texture": "#0"},
				"east": {"uv": [0, 5.5, 0.5, 6], "texture": "#0"},
				"south": {"uv": [5.5, 0, 6, 0.5], "texture": "#0"},
				"west": {"uv": [0.5, 5.5, 1, 6], "texture": "#0"},
				"up": {"uv": [6, 1, 5.5, 0.5], "texture": "#0"},
				"down": {"uv": [1.5, 5.5, 1, 6], "texture": "#0"}
			}
		},
		{
			"from": [3, 0, 0],
			"to": [4, 1, 1],
			"rotation": {"angle": -22.5, "axis": "y", "origin": [3, 0, 0]},
			"faces": {
				"north": {"uv": [5.5, 2.5, 6, 3], "texture": "#0"},
				"east": {"uv": [3, 5.5, 3.5, 6], "texture": "#0"},
				"south": {"uv": [5.5, 3, 6, 3.5], "texture": "#0"},
				"west": {"uv": [3.5, 5.5, 4, 6], "texture": "#0"},
				"up": {"uv": [6, 4, 5.5, 3.5], "texture": "#0"},
				"down": {"uv": [4.5, 5.5, 4, 6], "texture": "#0"}
			}
		},
		{
			"from": [2.5, 1, 0],
			"to": [3.5, 2, 1],
			"rotation": {"angle": -22.5, "axis": "y", "origin": [2.5, 1, 0]},
			"faces": {
				"north": {"uv": [5.5, 1, 6, 1.5], "texture": "#0"},
				"east": {"uv": [1.5, 5.5, 2, 6], "texture": "#0"},
				"south": {"uv": [5.5, 1.5, 6, 2], "texture": "#0"},
				"west": {"uv": [2, 5.5, 2.5, 6], "texture": "#0"},
				"up": {"uv": [6, 2.5, 5.5, 2], "texture": "#0"},
				"down": {"uv": [3, 5.5, 2.5, 6], "texture": "#0"}
			}
		},
		{
			"from": [6, 0, 0],
			"to": [7, 1, 1],
			"rotation": {"angle": 22.5, "axis": "y", "origin": [6, 0, 0]},
			"faces": {
				"north": {"uv": [5.5, 4, 6, 4.5], "texture": "#0"},
				"east": {"uv": [4.5, 5.5, 5, 6], "texture": "#0"},
				"south": {"uv": [5.5, 4.5, 6, 5], "texture": "#0"},
				"west": {"uv": [5, 5.5, 5.5, 6], "texture": "#0"},
				"up": {"uv": [6, 5.5, 5.5, 5], "texture": "#0"},
				"down": {"uv": [6, 5.5, 5.5, 6], "texture": "#0"}
			}
		},
		{
			"from": [6, 1, 0],
			"to": [7, 2, 1],
			"rotation": {"angle": 22.5, "axis": "y", "origin": [6, 1, 0]},
			"faces": {
				"north": {"uv": [0, 6, 0.5, 6.5], "texture": "#0"},
				"east": {"uv": [6, 0, 6.5, 0.5], "texture": "#0"},
				"south": {"uv": [0.5, 6, 1, 6.5], "texture": "#0"},
				"west": {"uv": [6, 0.5, 6.5, 1], "texture": "#0"},
				"up": {"uv": [1.5, 6.5, 1, 6], "texture": "#0"},
				"down": {"uv": [6.5, 1, 6, 1.5], "texture": "#0"}
			}
		},
		{
			"from": [6, 2, 0],
			"to": [7, 3, 1],
			"rotation": {"angle": 22.5, "axis": "y", "origin": [6, 2, 0]},
			"faces": {
				"north": {"uv": [1.5, 6, 2, 6.5], "texture": "#0"},
				"east": {"uv": [6, 1.5, 6.5, 2], "texture": "#0"},
				"south": {"uv": [2, 6, 2.5, 6.5], "texture": "#0"},
				"west": {"uv": [6, 2, 6.5, 2.5], "texture": "#0"},
				"up": {"uv": [3, 6.5, 2.5, 6], "texture": "#0"},
				"down": {"uv": [6.5, 2.5, 6, 3], "texture": "#0"}
			}
		},
		{
			"from": [6, 3, 0],
			"to": [7, 4, 1],
			"rotation": {"angle": 22.5, "axis": "y", "origin": [6, 3, 0]},
			"faces": {
				"north": {"uv": [3, 6, 3.5, 6.5], "texture": "#0"},
				"east": {"uv": [6, 3, 6.5, 3.5], "texture": "#0"},
				"south": {"uv": [3.5, 6, 4, 6.5], "texture": "#0"},
				"west": {"uv": [6, 3.5, 6.5, 4], "texture": "#0"},
				"up": {"uv": [4.5, 6.5, 4, 6], "texture": "#0"},
				"down": {"uv": [6.5, 4, 6, 4.5], "texture": "#0"}
			}
		},
		{
			"from": [6, 4, 0],
			"to": [7, 5, 1],
			"rotation": {"angle": 22.5, "axis": "y", "origin": [6, 4, 0]},
			"faces": {
				"north": {"uv": [4.5, 6, 5, 6.5], "texture": "#0"},
				"east": {"uv": [6, 4.5, 6.5, 5], "texture": "#0"},
				"south": {"uv": [5, 6, 5.5, 6.5], "texture": "#0"},
				"west": {"uv": [6, 5, 6.5, 5.5], "texture": "#0"},
				"up": {"uv": [6, 6.5, 5.5, 6], "texture": "#0"},
				"down": {"uv": [6.5, 5.5, 6, 6], "texture": "#0"}
			}
		},
		{
			"from": [6, 5, 0],
			"to": [7, 6, 1],
			"rotation": {"angle": 22.5, "axis": "y", "origin": [6, 5, 0]},
			"faces": {
				"north": {"uv": [6, 6, 6.5, 6.5], "texture": "#0"},
				"east": {"uv": [0, 6.5, 0.5, 7], "texture": "#0"},
				"south": {"uv": [6.5, 0, 7, 0.5], "texture": "#0"},
				"west": {"uv": [0.5, 6.5, 1, 7], "texture": "#0"},
				"up": {"uv": [7, 1, 6.5, 0.5], "texture": "#0"},
				"down": {"uv": [1.5, 6.5, 1, 7], "texture": "#0"}
			}
		},
		{
			"from": [6, 6, 0],
			"to": [7, 7, 1],
			"rotation": {"angle": 22.5, "axis": "y", "origin": [6, 6, 0]},
			"faces": {
				"north": {"uv": [6.5, 1, 7, 1.5], "texture": "#0"},
				"east": {"uv": [1.5, 6.5, 2, 7], "texture": "#0"},
				"south": {"uv": [6.5, 1.5, 7, 2], "texture": "#0"},
				"west": {"uv": [2, 6.5, 2.5, 7], "texture": "#0"},
				"up": {"uv": [7, 2.5, 6.5, 2], "texture": "#0"},
				"down": {"uv": [3, 6.5, 2.5, 7], "texture": "#0"}
			}
		},
		{
			"from": [6, 7, 0],
			"to": [7, 8, 1],
			"rotation": {"angle": 22.5, "axis": "y", "origin": [6, 7, 0]},
			"faces": {
				"north": {"uv": [6.5, 2.5, 7, 3], "texture": "#0"},
				"east": {"uv": [3, 6.5, 3.5, 7], "texture": "#0"},
				"south": {"uv": [6.5, 3, 7, 3.5], "texture": "#0"},
				"west": {"uv": [3.5, 6.5, 4, 7], "texture": "#0"},
				"up": {"uv": [7, 4, 6.5, 3.5], "texture": "#0"},
				"down": {"uv": [4.5, 6.5, 4, 7], "texture": "#0"}
			}
		},
		{
			"from": [6, 8, 0],
			"to": [7, 9, 1],
			"rotation": {"angle": 22.5, "axis": "y", "origin": [6, 8, 0]},
			"faces": {
				"north": {"uv": [0, 0, 0.5, 0.5], "texture": "#0"},
				"east": {"uv": [0, 0.5, 0.5, 1], "texture": "#0"},
				"south": {"uv": [0.5, 0, 1, 0.5], "texture": "#0"},
				"west": {"uv": [0.5, 0.5, 1, 1], "texture": "#0"},
				"up": {"uv": [0.5, 1.5, 0, 1], "texture": "#0"},
				"down": {"uv": [1.5, 0, 1, 0.5], "texture": "#0"}
			}
		},
		{
			"from": [7, 7.9, 0],
			"to": [8, 8.9, 1],
			"rotation": {"angle": 22.5, "axis": "y", "origin": [7, 7.9, 0]},
			"faces": {
				"north": {"uv": [6.5, 4, 7, 4.5], "texture": "#0"},
				"east": {"uv": [4.5, 6.5, 5, 7], "texture": "#0"},
				"south": {"uv": [6.5, 4.5, 7, 5], "texture": "#0"},
				"west": {"uv": [5, 6.5, 5.5, 7], "texture": "#0"},
				"up": {"uv": [7, 5.5, 6.5, 5], "texture": "#0"},
				"down": {"uv": [6, 6.5, 5.5, 7], "texture": "#0"}
			}
		},
		{
			"from": [8, 7.8, 0],
			"to": [9, 8.8, 1],
			"rotation": {"angle": 22.5, "axis": "y", "origin": [8, 7.8, 0]},
			"faces": {
				"north": {"uv": [6.5, 5.5, 7, 6], "texture": "#0"},
				"east": {"uv": [6, 6.5, 6.5, 7], "texture": "#0"},
				"south": {"uv": [6.5, 6, 7, 6.5], "texture": "#0"},
				"west": {"uv": [6.5, 6.5, 7, 7], "texture": "#0"},
				"up": {"uv": [0.5, 7.5, 0, 7], "texture": "#0"},
				"down": {"uv": [7.5, 0, 7, 0.5], "texture": "#0"}
			}
		},
		{
			"from": [9, 7.7, 0],
			"to": [10, 8.7, 1],
			"rotation": {"angle": 22.5, "axis": "y", "origin": [9, 7.7, 0]},
			"faces": {
				"north": {"uv": [0.5, 7, 1, 7.5], "texture": "#0"},
				"east": {"uv": [7, 0.5, 7.5, 1], "texture": "#0"},
				"south": {"uv": [1, 7, 1.5, 7.5], "texture": "#0"},
				"west": {"uv": [7, 1, 7.5, 1.5], "texture": "#0"},
				"up": {"uv": [2, 7.5, 1.5, 7], "texture": "#0"},
				"down": {"uv": [7.5, 1.5, 7, 2], "texture": "#0"}
			}
		},
		{
			"from": [10, 7, 0],
			"to": [11, 8, 1],
			"rotation": {"angle": 22.5, "axis": "y", "origin": [10, 7, 0]},
			"faces": {
				"north": {"uv": [2, 7, 2.5, 7.5], "texture": "#0"},
				"east": {"uv": [7, 2, 7.5, 2.5], "texture": "#0"},
				"south": {"uv": [2.5, 7, 3, 7.5], "texture": "#0"},
				"west": {"uv": [7, 2.5, 7.5, 3], "texture": "#0"},
				"up": {"uv": [3.5, 7.5, 3, 7], "texture": "#0"},
				"down": {"uv": [7.5, 3, 7, 3.5], "texture": "#0"}
			}
		},
		{
			"from": [10, 6, 0],
			"to": [11, 7, 1],
			"rotation": {"angle": 22.5, "axis": "y", "origin": [10, 6, 0]},
			"faces": {
				"north": {"uv": [3.5, 7, 4, 7.5], "texture": "#0"},
				"east": {"uv": [7, 3.5, 7.5, 4], "texture": "#0"},
				"south": {"uv": [4, 7, 4.5, 7.5], "texture": "#0"},
				"west": {"uv": [7, 4, 7.5, 4.5], "texture": "#0"},
				"up": {"uv": [5, 7.5, 4.5, 7], "texture": "#0"},
				"down": {"uv": [7.5, 4.5, 7, 5], "texture": "#0"}
			}
		},
		{
			"from": [10, 5, 0],
			"to": [11, 6, 1],
			"rotation": {"angle": 22.5, "axis": "y", "origin": [10, 5, 0]},
			"faces": {
				"north": {"uv": [5, 7, 5.5, 7.5], "texture": "#0"},
				"east": {"uv": [7, 5, 7.5, 5.5], "texture": "#0"},
				"south": {"uv": [5.5, 7, 6, 7.5], "texture": "#0"},
				"west": {"uv": [7, 5.5, 7.5, 6], "texture": "#0"},
				"up": {"uv": [6.5, 7.5, 6, 7], "texture": "#0"},
				"down": {"uv": [7.5, 6, 7, 6.5], "texture": "#0"}
			}
		},
		{
			"from": [10, 4, 0],
			"to": [11, 5, 1],
			"rotation": {"angle": 22.5, "axis": "y", "origin": [10, 4, 0]},
			"faces": {
				"north": {"uv": [6.5, 7, 7, 7.5], "texture": "#0"},
				"east": {"uv": [7, 6.5, 7.5, 7], "texture": "#0"},
				"south": {"uv": [7, 7, 7.5, 7.5], "texture": "#0"},
				"west": {"uv": [0, 7.5, 0.5, 8], "texture": "#0"},
				"up": {"uv": [8, 0.5, 7.5, 0], "texture": "#0"},
				"down": {"uv": [1, 7.5, 0.5, 8], "texture": "#0"}
			}
		},
		{
			"from": [10, 3, 0],
			"to": [11, 4, 1],
			"rotation": {"angle": 22.5, "axis": "y", "origin": [10, 3, 0]},
			"faces": {
				"north": {"uv": [7.5, 0.5, 8, 1], "texture": "#0"},
				"east": {"uv": [1, 7.5, 1.5, 8], "texture": "#0"},
				"south": {"uv": [7.5, 1, 8, 1.5], "texture": "#0"},
				"west": {"uv": [1.5, 7.5, 2, 8], "texture": "#0"},
				"up": {"uv": [8, 2, 7.5, 1.5], "texture": "#0"},
				"down": {"uv": [2.5, 7.5, 2, 8], "texture": "#0"}
			}
		},
		{
			"from": [10, 2, 0],
			"to": [11, 3, 1],
			"rotation": {"angle": 22.5, "axis": "y", "origin": [10, 2, 0]},
			"faces": {
				"north": {"uv": [7.5, 2, 8, 2.5], "texture": "#0"},
				"east": {"uv": [2.5, 7.5, 3, 8], "texture": "#0"},
				"south": {"uv": [7.5, 2.5, 8, 3], "texture": "#0"},
				"west": {"uv": [3, 7.5, 3.5, 8], "texture": "#0"},
				"up": {"uv": [8, 3.5, 7.5, 3], "texture": "#0"},
				"down": {"uv": [4, 7.5, 3.5, 8], "texture": "#0"}
			}
		},
		{
			"from": [10, 1, 0],
			"to": [11, 2, 1],
			"rotation": {"angle": 22.5, "axis": "y", "origin": [10, 1, 0]},
			"faces": {
				"north": {"uv": [7.5, 3.5, 8, 4], "texture": "#0"},
				"east": {"uv": [4, 7.5, 4.5, 8], "texture": "#0"},
				"south": {"uv": [7.5, 4, 8, 4.5], "texture": "#0"},
				"west": {"uv": [4.5, 7.5, 5, 8], "texture": "#0"},
				"up": {"uv": [8, 5, 7.5, 4.5], "texture": "#0"},
				"down": {"uv": [5.5, 7.5, 5, 8], "texture": "#0"}
			}
		},
		{
			"from": [9, 0.3, 0],
			"to": [10, 1.3, 1],
			"rotation": {"angle": 22.5, "axis": "y", "origin": [9, 0.3, 0]},
			"faces": {
				"north": {"uv": [7.5, 5, 8, 5.5], "texture": "#0"},
				"east": {"uv": [5.5, 7.5, 6, 8], "texture": "#0"},
				"south": {"uv": [7.5, 5.5, 8, 6], "texture": "#0"},
				"west": {"uv": [6, 7.5, 6.5, 8], "texture": "#0"},
				"up": {"uv": [8, 6.5, 7.5, 6], "texture": "#0"},
				"down": {"uv": [7, 7.5, 6.5, 8], "texture": "#0"}
			}
		},
		{
			"from": [8, 0.2, 0],
			"to": [9, 1.2, 1],
			"rotation": {"angle": 22.5, "axis": "y", "origin": [8, 0.2, 0]},
			"faces": {
				"north": {"uv": [7.5, 6.5, 8, 7], "texture": "#0"},
				"east": {"uv": [7, 7.5, 7.5, 8], "texture": "#0"},
				"south": {"uv": [7.5, 7, 8, 7.5], "texture": "#0"},
				"west": {"uv": [7.5, 7.5, 8, 8], "texture": "#0"},
				"up": {"uv": [0.5, 8.5, 0, 8], "texture": "#0"},
				"down": {"uv": [8.5, 0, 8, 0.5], "texture": "#0"}
			}
		},
		{
			"from": [7, 0.1, 0],
			"to": [8, 1.1, 1],
			"rotation": {"angle": 22.5, "axis": "y", "origin": [7, 0.1, 0]},
			"faces": {
				"north": {"uv": [0.5, 8, 1, 8.5], "texture": "#0"},
				"east": {"uv": [8, 0.5, 8.5, 1], "texture": "#0"},
				"south": {"uv": [1, 8, 1.5, 8.5], "texture": "#0"},
				"west": {"uv": [8, 1, 8.5, 1.5], "texture": "#0"},
				"up": {"uv": [2, 8.5, 1.5, 8], "texture": "#0"},
				"down": {"uv": [8.5, 1.5, 8, 2], "texture": "#0"}
			}
		}
	],
	"display": {
		"thirdperson_righthand": {
			"translation": [-3.5, 6, 8.5]
		},
		"thirdperson_lefthand": {
			"translation": [-8, 6, 8.5]
		},
		"firstperson_righthand": {
			"translation": [5, 4, 1]
		},
		"firstperson_lefthand": {
			"translation": [5, 4, -1]
		},
		"ground": {
			"translation": [4, 1.75, 4]
		},
		"gui": {
			"translation": [3, 3, 0]
		},
		"head": {
			"rotation": [0, 180, 0],
			"translation": [-3, 14.5, -7.5]
		},
		"fixed": {
			"rotation": [0, 180, 0],
			"translation": [-2.5, 4.25, -8.5]
		}
	},
	"groups": [
		{
			"name": "r",
			"origin": [2.5, 1, 0],
			"color": 0,
			"children": [0, 1, 2, 3, 4, 5, 6, 7, 8, 9, 10, 11, 12, 13, 14, 15, 16, 17, 18, 19, 20, 21]
		},
		{
			"name": "d",
			"origin": [7, 0.1, 0],
			"color": 0,
			"children": [22, 23, 24, 25, 26, 27, 28, 29, 30, 31, 32, 33, 34, 35, 36, 37, 38, 39, 40, 41, 42, 43]
		}
	]
}