{
	"credit": "Made with Blockbench",
	"texture_size": [64, 64],
	"textures": {
		"0": "item/snowball",
		"particle": "item/snowball"
	},
	"elements": [
		{
			"from": [6, 3, 2],
			"to": [8, 6.75, 4],
			"faces": {
				"north": {"uv": [0, 6.25, 0.5, 7.25], "texture": "#0"},
				"east": {"uv": [0.5, 6.25, 1, 7.25], "texture": "#0"},
				"south": {"uv": [3.25, 6.25, 3.75, 7.25], "texture": "#0"},
				"west": {"uv": [3.75, 6.25, 4.25, 7.25], "texture": "#0"},
				"up": {"uv": [7.25, 1.5, 6.75, 1], "texture": "#0"},
				"down": {"uv": [7.25, 6.25, 6.75, 6.75], "texture": "#0"}
			}
		},
		{
			"from": [6, 3, 11],
			"to": [8, 6.75, 13],
			"faces": {
				"north": {"uv": [1, 6.5, 1.5, 7.5], "texture": "#0"},
				"east": {"uv": [1.5, 6.5, 2, 7.5], "texture": "#0"},
				"south": {"uv": [2, 6.5, 2.5, 7.5], "texture": "#0"},
				"west": {"uv": [2.5, 6.5, 3, 7.5], "texture": "#0"},
				"up": {"uv": [7.25, 7.25, 6.75, 6.75], "texture": "#0"},
				"down": {"uv": [7.5, 5, 7, 5.5], "texture": "#0"}
			}
		},
		{
			"from": [6, 8.75, 5],
			"to": [8, 10.5, 10],
			"faces": {
				"north": {"uv": [0.5, 8.25, 1, 8.75], "texture": "#0"},
				"east": {"uv": [5, 5.5, 6.25, 6], "texture": "#0"},
				"south": {"uv": [8.25, 0.5, 8.75, 1], "texture": "#0"},
				"west": {"uv": [2, 6, 3.25, 6.5], "texture": "#0"},
				"up": {"uv": [4.75, 7.25, 4.25, 6], "texture": "#0"},
				"down": {"uv": [5.25, 6, 4.75, 7.25], "texture": "#0"}
			}
		},
		{
			"from": [6, 0, 5],
			"to": [8, 1.75, 10],
			"faces": {
				"north": {"uv": [7, 5.5, 7.5, 6], "texture": "#0"},
				"east": {"uv": [5, 1.5, 6.25, 2], "texture": "#0"},
				"south": {"uv": [0, 7.25, 0.5, 7.75], "texture": "#0"},
				"west": {"uv": [2, 5, 3.25, 5.5], "texture": "#0"},
				"up": {"uv": [5.5, 3.25, 5, 2], "texture": "#0"},
				"down": {"uv": [3.75, 5, 3.25, 6.25], "texture": "#0"}
			}
		},
		{
			"from": [6, 7, 3],
			"to": [8, 8.75, 5],
			"faces": {
				"north": {"uv": [7.25, 0, 7.75, 0.5], "texture": "#0"},
				"east": {"uv": [0.5, 7.25, 1, 7.75], "texture": "#0"},
				"south": {"uv": [7.25, 0.5, 7.75, 1], "texture": "#0"},
				"west": {"uv": [7.25, 1, 7.75, 1.5], "texture": "#0"},
				"up": {"uv": [7.75, 2.5, 7.25, 2], "texture": "#0"},
				"down": {"uv": [7.75, 2.5, 7.25, 3], "texture": "#0"}
			}
		},
		{
			"from": [6, 2, 9],
			"to": [8, 3.75, 11],
			"faces": {
				"north": {"uv": [3, 7.25, 3.5, 7.75], "texture": "#0"},
				"east": {"uv": [3.5, 7.25, 4, 7.75], "texture": "#0"},
				"south": {"uv": [4, 7.25, 4.5, 7.75], "texture": "#0"},
				"west": {"uv": [7.25, 4, 7.75, 4.5], "texture": "#0"},
				"up": {"uv": [5, 7.75, 4.5, 7.25], "texture": "#0"},
				"down": {"uv": [7.75, 4.5, 7.25, 5], "texture": "#0"}
			}
		},
		{
			"from": [6, 2, 3],
			"to": [8, 3.75, 5],
			"faces": {
				"north": {"uv": [7.5, 1.5, 8, 2], "texture": "#0"},
				"east": {"uv": [2, 7.5, 2.5, 8], "texture": "#0"},
				"south": {"uv": [2.5, 7.5, 3, 8], "texture": "#0"},
				"west": {"uv": [7.5, 3, 8, 3.5], "texture": "#0"},
				"up": {"uv": [8, 4, 7.5, 3.5], "texture": "#0"},
				"down": {"uv": [5.5, 7.5, 5, 8], "texture": "#0"}
			}
		},
		{
			"from": [6, 7, 9],
			"to": [8, 8.75, 11],
			"faces": {
				"north": {"uv": [7.25, 6, 7.75, 6.5], "texture": "#0"},
				"east": {"uv": [7.25, 6.5, 7.75, 7], "texture": "#0"},
				"south": {"uv": [6.75, 7.25, 7.25, 7.75], "texture": "#0"},
				"west": {"uv": [7.25, 7, 7.75, 7.5], "texture": "#0"},
				"up": {"uv": [1.5, 8, 1, 7.5], "texture": "#0"},
				"down": {"uv": [2, 7.5, 1.5, 8], "texture": "#0"}
			}
		},
		{
			"from": [6, 3, 4],
			"to": [8, 8.75, 11],
			"faces": {
				"north": {"uv": [3.5, 0, 4, 1.5], "texture": "#0"},
				"east": {"uv": [0, 0, 1.75, 1.5], "texture": "#0"},
				"south": {"uv": [1, 3.5, 1.5, 5], "texture": "#0"},
				"west": {"uv": [0, 1.5, 1.75, 3], "texture": "#0"},
				"up": {"uv": [0.5, 4.75, 0, 3], "texture": "#0"},
				"down": {"uv": [1, 3, 0.5, 4.75], "texture": "#0"}
			}
		},
		{
			"from": [6, 1, 5],
			"to": [8, 2.75, 10],
			"faces": {
				"north": {"uv": [7.5, 5, 8, 5.5], "texture": "#0"},
				"east": {"uv": [5, 3.25, 6.25, 3.75], "texture": "#0"},
				"south": {"uv": [5.5, 7.5, 6, 8], "texture": "#0"},
				"west": {"uv": [5, 3.75, 6.25, 4.25], "texture": "#0"},
				"up": {"uv": [4.25, 6.25, 3.75, 5], "texture": "#0"},
				"down": {"uv": [5.5, 4.25, 5, 5.5], "texture": "#0"}
			}
		},
		{
			"from": [5, 1, 6],
			"to": [10, 2.75, 8],
			"faces": {
				"north": {"uv": [5.5, 2, 6.75, 2.5], "texture": "#0"},
				"east": {"uv": [5, 8, 5.5, 8.5], "texture": "#0"},
				"south": {"uv": [5.5, 2.5, 6.75, 3], "texture": "#0"},
				"west": {"uv": [8, 5, 8.5, 5.5], "texture": "#0"},
				"up": {"uv": [6.75, 4.75, 5.5, 4.25], "texture": "#0"},
				"down": {"uv": [6.75, 4.75, 5.5, 5.25], "texture": "#0"}
			}
		},
		{
			"from": [2, 3, 6],
			"to": [4, 6.75, 8],
			"faces": {
				"north": {"uv": [6.75, 0, 7.25, 1], "texture": "#0"},
				"south": {"uv": [6.75, 2, 7.25, 3], "texture": "#0"},
				"west": {"uv": [6.75, 4, 7.25, 5], "texture": "#0"},
				"up": {"uv": [8.75, 3, 8.25, 2.5], "texture": "#0"},
				"down": {"uv": [3.5, 8.25, 3, 8.75], "texture": "#0"}
			}
		},
		{
			"from": [11, 3, 6],
			"to": [13, 6.75, 8],
			"faces": {
				"north": {"uv": [5.25, 6.5, 5.75, 7.5], "texture": "#0"},
				"east": {"uv": [6.5, 5.25, 7, 6.25], "texture": "#0"},
				"south": {"uv": [5.75, 6.5, 6.25, 7.5], "texture": "#0"},
				"west": {"uv": [6.25, 6.5, 6.75, 7.5], "texture": "#0"},
				"up": {"uv": [8.5, 3.5, 8, 3], "texture": "#0"},
				"down": {"uv": [8.5, 3.5, 8, 4], "texture": "#0"}
			}
		},
		{
			"from": [5, 8.75, 6],
			"to": [10, 10.5, 8],
			"faces": {
				"north": {"uv": [5.25, 6, 6.5, 6.5], "texture": "#0"},
				"east": {"uv": [8.25, 1, 8.75, 1.5], "texture": "#0"},
				"south": {"uv": [6.25, 1.5, 7.5, 2], "texture": "#0"},
				"west": {"uv": [8.25, 2, 8.75, 2.5], "texture": "#0"},
				"up": {"uv": [7.5, 3.5, 6.25, 3], "texture": "#0"},
				"down": {"uv": [7.5, 3.5, 6.25, 4], "texture": "#0"}
			}
		},
		{
			"from": [5, 0, 6],
			"to": [10, 1.75, 8],
			"faces": {
				"north": {"uv": [5.5, 0, 6.75, 0.5], "texture": "#0"},
				"east": {"uv": [2, 8, 2.5, 8.5], "texture": "#0"},
				"south": {"uv": [5.5, 0.5, 6.75, 1], "texture": "#0"},
				"west": {"uv": [2.5, 8, 3, 8.5], "texture": "#0"},
				"up": {"uv": [6.75, 1.5, 5.5, 1], "texture": "#0"},
				"down": {"uv": [3.25, 5.5, 2, 6], "texture": "#0"}
			}
		},
		{
			"from": [3, 7, 6],
			"to": [5, 8.75, 8],
			"faces": {
				"north": {"uv": [7.75, 6.5, 8.25, 7], "texture": "#0"},
				"east": {"uv": [7.75, 7, 8.25, 7.5], "texture": "#0"},
				"south": {"uv": [7.75, 7.5, 8.25, 8], "texture": "#0"},
				"west": {"uv": [1, 8, 1.5, 8.5], "texture": "#0"},
				"up": {"uv": [2, 8.5, 1.5, 8], "texture": "#0"},
				"down": {"uv": [8.5, 1.5, 8, 2], "texture": "#0"}
			}
		},
		{
			"from": [9, 2, 6],
			"to": [11, 3.75, 8],
			"faces": {
				"north": {"uv": [4, 7.75, 4.5, 8.25], "texture": "#0"},
				"east": {"uv": [7.75, 4, 8.25, 4.5], "texture": "#0"},
				"south": {"uv": [4.5, 7.75, 5, 8.25], "texture": "#0"},
				"west": {"uv": [7.75, 4.5, 8.25, 5], "texture": "#0"},
				"up": {"uv": [8.25, 6.5, 7.75, 6], "texture": "#0"},
				"down": {"uv": [7, 7.75, 6.5, 8.25], "texture": "#0"}
			}
		},
		{
			"from": [9, 7, 6],
			"to": [11, 8.75, 8],
			"faces": {
				"north": {"uv": [7.75, 0.5, 8.25, 1], "texture": "#0"},
				"east": {"uv": [7.75, 1, 8.25, 1.5], "texture": "#0"},
				"south": {"uv": [7.75, 2, 8.25, 2.5], "texture": "#0"},
				"west": {"uv": [7.75, 2.5, 8.25, 3], "texture": "#0"},
				"up": {"uv": [3.5, 8.25, 3, 7.75], "texture": "#0"},
				"down": {"uv": [4, 7.75, 3.5, 8.25], "texture": "#0"}
			}
		},
		{
			"from": [3, 2, 6],
			"to": [5, 3.75, 8],
			"faces": {
				"north": {"uv": [7.5, 5.5, 8, 6], "texture": "#0"},
				"east": {"uv": [6, 7.5, 6.5, 8], "texture": "#0"},
				"south": {"uv": [7.25, 7.5, 7.75, 8], "texture": "#0"},
				"west": {"uv": [0, 7.75, 0.5, 8.25], "texture": "#0"},
				"up": {"uv": [8.25, 0.5, 7.75, 0], "texture": "#0"},
				"down": {"uv": [1, 7.75, 0.5, 8.25], "texture": "#0"}
			}
		},
		{
			"from": [4, 3, 6],
			"to": [11, 8.75, 8],
			"faces": {
				"north": {"uv": [1.75, 0, 3.5, 1.5], "texture": "#0"},
				"east": {"uv": [1.5, 3.5, 2, 5], "texture": "#0"},
				"south": {"uv": [1.75, 1.5, 3.5, 3], "texture": "#0"},
				"west": {"uv": [3.5, 1.5, 4, 3], "texture": "#0"},
				"up": {"uv": [2.75, 3.5, 1, 3], "texture": "#0"},
				"down": {"uv": [4.5, 3, 2.75, 3.5], "texture": "#0"}
			}
		},
		{
			"from": [4, 2, 4],
			"to": [6, 7.75, 6],
			"faces": {
				"north": {"uv": [2, 3.5, 2.5, 5], "texture": "#0"},
				"east": {"uv": [2.5, 3.5, 3, 5], "texture": "#0"},
				"south": {"uv": [3, 3.5, 3.5, 5], "texture": "#0"},
				"west": {"uv": [3.5, 3.5, 4, 5], "texture": "#0"},
				"up": {"uv": [6, 8.5, 5.5, 8], "texture": "#0"},
				"down": {"uv": [8.5, 5.5, 8, 6], "texture": "#0"}
			}
		},
		{
			"from": [8, 1.75, 4],
			"to": [10, 7.5, 6],
			"faces": {
				"north": {"uv": [0.5, 4.75, 1, 6.25], "texture": "#0"},
				"east": {"uv": [5, 0, 5.5, 1.5], "texture": "#0"},
				"south": {"uv": [1, 5, 1.5, 6.5], "texture": "#0"},
				"west": {"uv": [1.5, 5, 2, 6.5], "texture": "#0"},
				"up": {"uv": [0.5, 8.75, 0, 8.25], "texture": "#0"},
				"down": {"uv": [8.75, 0, 8.25, 0.5], "texture": "#0"}
			}
		},
		{
			"from": [8, 2, 8],
			"to": [10, 7.75, 10],
			"faces": {
				"north": {"uv": [4, 0, 4.5, 1.5], "texture": "#0"},
				"east": {"uv": [4, 1.5, 4.5, 3], "texture": "#0"},
				"south": {"uv": [4, 3.5, 4.5, 5], "texture": "#0"},
				"west": {"uv": [4.5, 0, 5, 1.5], "texture": "#0"},
				"up": {"uv": [6.5, 8.5, 6, 8], "texture": "#0"},
				"down": {"uv": [7.5, 8, 7, 8.5], "texture": "#0"}
			}
		},
		{
			"from": [4, 2, 8],
			"to": [6, 7.75, 10],
			"faces": {
				"north": {"uv": [4.5, 1.5, 5, 3], "texture": "#0"},
				"east": {"uv": [4.5, 3, 5, 4.5], "texture": "#0"},
				"south": {"uv": [4.5, 4.5, 5, 6], "texture": "#0"},
				"west": {"uv": [0, 4.75, 0.5, 6.25], "texture": "#0"},
				"up": {"uv": [8, 8.5, 7.5, 8], "texture": "#0"},
				"down": {"uv": [8.5, 8, 8, 8.5], "texture": "#0"}
			}
		}
	],
	"display": {
		"thirdperson_righthand": {
			"translation": [0, 2.25, 0]
		},
		"firstperson_righthand": {
			"rotation": [30, 0, 0],
			"translation": [0, 2.75, 0]
		},
		"firstperson_lefthand": {
			"translation": [0, 2, 0]
		},
		"ground": {
			"rotation": [47, 0, 0],
			"translation": [-0.5, 0, 0]
		},
		"gui": {
			"rotation": [0, 24, 21],
			"translation": [0, 0.75, 0]
		},
		"head": {
			"translation": [0, 13.75, 0]
		}
	}
}